<?xml version="1.0" encoding="UTF-8" standalone="yes"?>
<p:sldLayout xmlns:a="http://schemas.openxmlformats.org/drawingml/2006/main" xmlns:r="http://schemas.openxmlformats.org/officeDocument/2006/relationships" xmlns:p="http://schemas.openxmlformats.org/presentationml/2006/main" type="twoObj" preserve="1"><p:cSld name="Два объекта"><p:spTree><p:nvGrpSpPr><p:cNvPr id="1" name=""/><p:cNvGrpSpPr/><p:nvPr/></p:nvGrpSpPr><p:grpSpPr><a:xfrm><a:off x="0" y="0"/><a:ext cx="0" cy="0"/><a:chOff x="0" y="0"/><a:chExt cx="0" cy="0"/></a:xfrm></p:grpSpPr><p:sp><p:nvSpPr><p:cNvPr id="2" name="Заголовок 1"/><p:cNvSpPr><a:spLocks noGrp="1"/></p:cNvSpPr><p:nvPr><p:ph type="title"/></p:nvPr></p:nvSpPr><p:spPr/><p:txBody><a:bodyPr/><a:lstStyle/><a:p><a:r><a:rPr lang="ru-RU" smtClean="0"/><a:t>Образец заголовка</a:t></a:r><a:endParaRPr lang="ru-RU"/></a:p></p:txBody></p:sp><p:sp><p:nvSpPr><p:cNvPr id="3" name="Объект 2"/><p:cNvSpPr><a:spLocks noGrp="1"/></p:cNvSpPr><p:nvPr><p:ph sz="half" idx="1"/></p:nvPr></p:nvSpPr><p:spPr><a:xfrm><a:off x="457200" y="1600200"/><a:ext cx="4038600" cy="4525963"/></a:xfrm></p:spPr><p:txBody><a:bodyPr/><a:lstStyle><a:lvl1pPr><a:defRPr sz="2800"/></a:lvl1pPr><a:lvl2pPr><a:defRPr sz="2400"/></a:lvl2pPr><a:lvl3pPr><a:defRPr sz="2000"/></a:lvl3pPr><a:lvl4pPr><a:defRPr sz="1800"/></a:lvl4pPr><a:lvl5pPr><a:defRPr sz="1800"/></a:lvl5pPr><a:lvl6pPr><a:defRPr sz="1800"/></a:lvl6pPr><a:lvl7pPr><a:defRPr sz="1800"/></a:lvl7pPr><a:lvl8pPr><a:defRPr sz="1800"/></a:lvl8pPr><a:lvl9pPr><a:defRPr sz="1800"/></a:lvl9pPr></a:lstStyle><a:p><a:pPr lvl="0"/><a:r><a:rPr lang="ru-RU" smtClean="0"/><a:t>Образец текста</a:t></a:r></a:p><a:p><a:pPr lvl="1"/><a:r><a:rPr lang="ru-RU" smtClean="0"/><a:t>Второй уровень</a:t></a:r></a:p><a:p><a:pPr lvl="2"/><a:r><a:rPr lang="ru-RU" smtClean="0"/><a:t>Третий уровень</a:t></a:r></a:p><a:p><a:pPr lvl="3"/><a:r><a:rPr lang="ru-RU" smtClean="0"/><a:t>Четвертый уровень</a:t></a:r></a:p><a:p><a:pPr lvl="4"/><a:r><a:rPr lang="ru-RU" smtClean="0"/><a:t>Пятый уровень</a:t></a:r><a:endParaRPr lang="ru-RU"/></a:p></p:txBody></p:sp><p:sp><p:nvSpPr><p:cNvPr id="4" name="Объект 3"/><p:cNvSpPr><a:spLocks noGrp="1"/></p:cNvSpPr><p:nvPr><p:ph sz="half" idx="2"/></p:nvPr></p:nvSpPr><p:spPr><a:xfrm><a:off x="4648200" y="1600200"/><a:ext cx="4038600" cy="4525963"/></a:xfrm></p:spPr><p:txBody><a:bodyPr/><a:lstStyle><a:lvl1pPr><a:defRPr sz="2800"/></a:lvl1pPr><a:lvl2pPr><a:defRPr sz="2400"/></a:lvl2pPr><a:lvl3pPr><a:defRPr sz="2000"/></a:lvl3pPr><a:lvl4pPr><a:defRPr sz="1800"/></a:lvl4pPr><a:lvl5pPr><a:defRPr sz="1800"/></a:lvl5pPr><a:lvl6pPr><a:defRPr sz="1800"/></a:lvl6pPr><a:lvl7pPr><a:defRPr sz="1800"/></a:lvl7pPr><a:lvl8pPr><a:defRPr sz="1800"/></a:lvl8pPr><a:lvl9pPr><a:defRPr sz="1800"/></a:lvl9pPr></a:lstStyle><a:p><a:pPr lvl="0"/><a:r><a:rPr lang="ru-RU" smtClean="0"/><a:t>Образец текста</a:t></a:r></a:p><a:p><a:pPr lvl="1"/><a:r><a:rPr lang="ru-RU" smtClean="0"/><a:t>Второй уровень</a:t></a:r></a:p><a:p><a:pPr lvl="2"/><a:r><a:rPr lang="ru-RU" smtClean="0"/><a:t>Третий уровень</a:t></a:r></a:p><a:p><a:pPr lvl="3"/><a:r><a:rPr lang="ru-RU" smtClean="0"/><a:t>Четвертый уровень</a:t></a:r></a:p><a:p><a:pPr lvl="4"/><a:r><a:rPr lang="ru-RU" smtClean="0"/><a:t>Пятый уровень</a:t></a:r><a:endParaRPr lang="ru-RU"/></a:p></p:txBody></p:sp><p:sp><p:nvSpPr><p:cNvPr id="5" name="Дата 4"/><p:cNvSpPr><a:spLocks noGrp="1"/></p:cNvSpPr><p:nvPr><p:ph type="dt" sz="half" idx="10"/></p:nvPr></p:nvSpPr><p:spPr/><p:txBody><a:bodyPr/><a:lstStyle/><a:p><a:fld id="{032FC270-A41D-4253-8EDF-55E5B8520FA5}" type="datetimeFigureOut"><a:rPr lang="ru-RU" smtClean="0"/><a:t>14.01.2013</a:t></a:fld><a:endParaRPr lang="ru-RU"/></a:p></p:txBody></p:sp><p:sp><p:nvSpPr><p:cNvPr id="6" name="Нижний колонтитул 5"/><p:cNvSpPr><a:spLocks noGrp="1"/></p:cNvSpPr><p:nvPr><p:ph type="ftr" sz="quarter" idx="11"/></p:nvPr></p:nvSpPr><p:spPr/><p:txBody><a:bodyPr/><a:lstStyle/><a:p><a:endParaRPr lang="ru-RU"/></a:p></p:txBody></p:sp><p:sp><p:nvSpPr><p:cNvPr id="7" name="Номер слайда 6"/><p:cNvSpPr><a:spLocks noGrp="1"/></p:cNvSpPr><p:nvPr><p:ph type="sldNum" sz="quarter" idx="12"/></p:nvPr></p:nvSpPr><p:spPr/><p:txBody><a:bodyPr/><a:lstStyle/><a:p><a:fld id="{4BA88733-6547-4EAD-A692-8E198EC52C46}" type="slidenum"><a:rPr lang="ru-RU" smtClean="0"/><a:t>‹#›</a:t></a:fld><a:endParaRPr lang="ru-RU"/></a:p></p:txBody></p:sp></p:spTree><p:extLst><p:ext uri="{BB962C8B-B14F-4D97-AF65-F5344CB8AC3E}"><p14:creationId xmlns:p14="http://schemas.microsoft.com/office/powerpoint/2010/main" val="2315188931"/></p:ext></p:extLst></p:cSld><p:clrMapOvr><a:masterClrMapping/></p:clrMapOvr></p:sldLayout>