<?xml version="1.0" encoding="UTF-8" standalone="yes"?>
<p:sldLayout xmlns:a="http://schemas.openxmlformats.org/drawingml/2006/main" xmlns:r="http://schemas.openxmlformats.org/officeDocument/2006/relationships" xmlns:p="http://schemas.openxmlformats.org/presentationml/2006/main" type="twoObj" preserve="1"><p:cSld name="เนื้อหา 2 ส่วน"><p:spTree><p:nvGrpSpPr><p:cNvPr id="1" name=""/><p:cNvGrpSpPr/><p:nvPr/></p:nvGrpSpPr><p:grpSpPr><a:xfrm><a:off x="0" y="0"/><a:ext cx="0" cy="0"/><a:chOff x="0" y="0"/><a:chExt cx="0" cy="0"/></a:xfrm></p:grpSpPr><p:sp><p:nvSpPr><p:cNvPr id="2" name="ชื่อเรื่อง 1"><a:extLst><a:ext uri="{FF2B5EF4-FFF2-40B4-BE49-F238E27FC236}"><a16:creationId xmlns:a16="http://schemas.microsoft.com/office/drawing/2014/main" id="{3B9C7A4C-4091-4727-9E2B-91B8416AA943}"/></a:ext></a:extLst></p:cNvPr><p:cNvSpPr><a:spLocks noGrp="1"/></p:cNvSpPr><p:nvPr><p:ph type="title"/></p:nvPr></p:nvSpPr><p:spPr/><p:txBody><a:bodyPr/><a:lstStyle/><a:p><a:r><a:rPr lang="th-TH"/><a:t>คลิกเพื่อแก้ไขสไตล์ชื่อเรื่องต้นแบบ</a:t></a:r></a:p></p:txBody></p:sp><p:sp><p:nvSpPr><p:cNvPr id="3" name="ตัวแทนเนื้อหา 2"><a:extLst><a:ext uri="{FF2B5EF4-FFF2-40B4-BE49-F238E27FC236}"><a16:creationId xmlns:a16="http://schemas.microsoft.com/office/drawing/2014/main" id="{E1BDF869-4A43-4A8B-B7AC-B49A5123B28A}"/></a:ext></a:extLst></p:cNvPr><p:cNvSpPr><a:spLocks noGrp="1"/></p:cNvSpPr><p:nvPr><p:ph sz="half" idx="1"/></p:nvPr></p:nvSpPr><p:spPr><a:xfrm><a:off x="838200" y="1825625"/><a:ext cx="5181600" cy="4351338"/></a:xfrm></p:spPr><p:txBody><a:bodyPr/><a:lstStyle/><a:p><a:pPr lvl="0"/><a:r><a:rPr lang="th-TH"/><a:t>แก้ไขสไตล์ของข้อความต้นแบบ</a:t></a:r></a:p><a:p><a:pPr lvl="1"/><a:r><a:rPr lang="th-TH"/><a:t>ระดับที่สอง</a:t></a:r></a:p><a:p><a:pPr lvl="2"/><a:r><a:rPr lang="th-TH"/><a:t>ระดับที่สาม</a:t></a:r></a:p><a:p><a:pPr lvl="3"/><a:r><a:rPr lang="th-TH"/><a:t>ระดับที่สี่</a:t></a:r></a:p><a:p><a:pPr lvl="4"/><a:r><a:rPr lang="th-TH"/><a:t>ระดับที่ห้า</a:t></a:r></a:p></p:txBody></p:sp><p:sp><p:nvSpPr><p:cNvPr id="4" name="ตัวแทนเนื้อหา 3"><a:extLst><a:ext uri="{FF2B5EF4-FFF2-40B4-BE49-F238E27FC236}"><a16:creationId xmlns:a16="http://schemas.microsoft.com/office/drawing/2014/main" id="{6A097D37-E860-419F-97F3-CCAC442D8FCB}"/></a:ext></a:extLst></p:cNvPr><p:cNvSpPr><a:spLocks noGrp="1"/></p:cNvSpPr><p:nvPr><p:ph sz="half" idx="2"/></p:nvPr></p:nvSpPr><p:spPr><a:xfrm><a:off x="6172200" y="1825625"/><a:ext cx="5181600" cy="4351338"/></a:xfrm></p:spPr><p:txBody><a:bodyPr/><a:lstStyle/><a:p><a:pPr lvl="0"/><a:r><a:rPr lang="th-TH"/><a:t>แก้ไขสไตล์ของข้อความต้นแบบ</a:t></a:r></a:p><a:p><a:pPr lvl="1"/><a:r><a:rPr lang="th-TH"/><a:t>ระดับที่สอง</a:t></a:r></a:p><a:p><a:pPr lvl="2"/><a:r><a:rPr lang="th-TH"/><a:t>ระดับที่สาม</a:t></a:r></a:p><a:p><a:pPr lvl="3"/><a:r><a:rPr lang="th-TH"/><a:t>ระดับที่สี่</a:t></a:r></a:p><a:p><a:pPr lvl="4"/><a:r><a:rPr lang="th-TH"/><a:t>ระดับที่ห้า</a:t></a:r></a:p></p:txBody></p:sp><p:sp><p:nvSpPr><p:cNvPr id="5" name="ตัวแทนวันที่ 4"><a:extLst><a:ext uri="{FF2B5EF4-FFF2-40B4-BE49-F238E27FC236}"><a16:creationId xmlns:a16="http://schemas.microsoft.com/office/drawing/2014/main" id="{D8EFAA3F-A56F-4548-8178-51074BF27D82}"/></a:ext></a:extLst></p:cNvPr><p:cNvSpPr><a:spLocks noGrp="1"/></p:cNvSpPr><p:nvPr><p:ph type="dt" sz="half" idx="10"/></p:nvPr></p:nvSpPr><p:spPr/><p:txBody><a:bodyPr/><a:lstStyle/><a:p><a:fld id="{A37200A8-4052-44C5-8B9C-B3A7E71D18E8}" type="datetimeFigureOut"><a:rPr lang="th-TH" smtClean="0"/><a:t>15/08/60</a:t></a:fld><a:endParaRPr lang="th-TH"/></a:p></p:txBody></p:sp><p:sp><p:nvSpPr><p:cNvPr id="6" name="ตัวแทนท้ายกระดาษ 5"><a:extLst><a:ext uri="{FF2B5EF4-FFF2-40B4-BE49-F238E27FC236}"><a16:creationId xmlns:a16="http://schemas.microsoft.com/office/drawing/2014/main" id="{69AA88B7-5C9C-4782-B5AE-2CEB6C75D246}"/></a:ext></a:extLst></p:cNvPr><p:cNvSpPr><a:spLocks noGrp="1"/></p:cNvSpPr><p:nvPr><p:ph type="ftr" sz="quarter" idx="11"/></p:nvPr></p:nvSpPr><p:spPr/><p:txBody><a:bodyPr/><a:lstStyle/><a:p><a:endParaRPr lang="th-TH"/></a:p></p:txBody></p:sp><p:sp><p:nvSpPr><p:cNvPr id="7" name="ตัวแทนหมายเลขสไลด์ 6"><a:extLst><a:ext uri="{FF2B5EF4-FFF2-40B4-BE49-F238E27FC236}"><a16:creationId xmlns:a16="http://schemas.microsoft.com/office/drawing/2014/main" id="{B62763F6-E751-456E-A830-010695144835}"/></a:ext></a:extLst></p:cNvPr><p:cNvSpPr><a:spLocks noGrp="1"/></p:cNvSpPr><p:nvPr><p:ph type="sldNum" sz="quarter" idx="12"/></p:nvPr></p:nvSpPr><p:spPr/><p:txBody><a:bodyPr/><a:lstStyle/><a:p><a:fld id="{047CA64A-CEC8-454F-BC76-C7F4D9A89F89}" type="slidenum"><a:rPr lang="th-TH" smtClean="0"/><a:t>‹#›</a:t></a:fld><a:endParaRPr lang="th-TH"/></a:p></p:txBody></p:sp></p:spTree><p:extLst><p:ext uri="{BB962C8B-B14F-4D97-AF65-F5344CB8AC3E}"><p14:creationId xmlns:p14="http://schemas.microsoft.com/office/powerpoint/2010/main" val="4247624710"/></p:ext></p:extLst></p:cSld><p:clrMapOvr><a:masterClrMapping/></p:clrMapOvr></p:sldLayout>