<?xml version="1.0" encoding="UTF-8" standalone="yes"?>
<p:sldLayout xmlns:a="http://schemas.openxmlformats.org/drawingml/2006/main" xmlns:r="http://schemas.openxmlformats.org/officeDocument/2006/relationships" xmlns:p="http://schemas.openxmlformats.org/presentationml/2006/main" type="vertTitleAndTx" preserve="1"><p:cSld name="縦書きタイトルと&#xA;縦書きテキスト"><p:spTree><p:nvGrpSpPr><p:cNvPr id="1" name=""/><p:cNvGrpSpPr/><p:nvPr/></p:nvGrpSpPr><p:grpSpPr><a:xfrm><a:off x="0" y="0"/><a:ext cx="0" cy="0"/><a:chOff x="0" y="0"/><a:chExt cx="0" cy="0"/></a:xfrm></p:grpSpPr><p:sp><p:nvSpPr><p:cNvPr id="2" name="縦書きタイトル 1"/><p:cNvSpPr><a:spLocks noGrp="1"/></p:cNvSpPr><p:nvPr><p:ph type="title" orient="vert"/></p:nvPr></p:nvSpPr><p:spPr><a:xfrm><a:off x="6629400" y="274638"/><a:ext cx="2057400" cy="5851525"/></a:xfrm></p:spPr><p:txBody><a:bodyPr vert="eaVert"/><a:lstStyle/><a:p><a:r><a:rPr kumimoji="1" lang="ja-JP" altLang="en-US" smtClean="0"/><a:t>マスター タイトルの書式設定</a:t></a:r><a:endParaRPr kumimoji="1" lang="ja-JP" altLang="en-US"/></a:p></p:txBody></p:sp><p:sp><p:nvSpPr><p:cNvPr id="3" name="縦書きテキスト プレースホルダー 2"/><p:cNvSpPr><a:spLocks noGrp="1"/></p:cNvSpPr><p:nvPr><p:ph type="body" orient="vert" idx="1"/></p:nvPr></p:nvSpPr><p:spPr><a:xfrm><a:off x="457200" y="274638"/><a:ext cx="6019800" cy="5851525"/></a:xfrm></p:spPr><p:txBody><a:bodyPr vert="eaVert"/><a:lstStyle/><a:p><a:pPr lvl="0"/><a:r><a:rPr kumimoji="1" lang="ja-JP" altLang="en-US" smtClean="0"/><a:t>マスター テキストの書式設定</a:t></a:r></a:p><a:p><a:pPr lvl="1"/><a:r><a:rPr kumimoji="1" lang="ja-JP" altLang="en-US" smtClean="0"/><a:t>第 </a:t></a:r><a:r><a:rPr kumimoji="1" lang="en-US" altLang="ja-JP" smtClean="0"/><a:t>2 </a:t></a:r><a:r><a:rPr kumimoji="1" lang="ja-JP" altLang="en-US" smtClean="0"/><a:t>レベル</a:t></a:r></a:p><a:p><a:pPr lvl="2"/><a:r><a:rPr kumimoji="1" lang="ja-JP" altLang="en-US" smtClean="0"/><a:t>第 </a:t></a:r><a:r><a:rPr kumimoji="1" lang="en-US" altLang="ja-JP" smtClean="0"/><a:t>3 </a:t></a:r><a:r><a:rPr kumimoji="1" lang="ja-JP" altLang="en-US" smtClean="0"/><a:t>レベル</a:t></a:r></a:p><a:p><a:pPr lvl="3"/><a:r><a:rPr kumimoji="1" lang="ja-JP" altLang="en-US" smtClean="0"/><a:t>第 </a:t></a:r><a:r><a:rPr kumimoji="1" lang="en-US" altLang="ja-JP" smtClean="0"/><a:t>4 </a:t></a:r><a:r><a:rPr kumimoji="1" lang="ja-JP" altLang="en-US" smtClean="0"/><a:t>レベル</a:t></a:r></a:p><a:p><a:pPr lvl="4"/><a:r><a:rPr kumimoji="1" lang="ja-JP" altLang="en-US" smtClean="0"/><a:t>第 </a:t></a:r><a:r><a:rPr kumimoji="1" lang="en-US" altLang="ja-JP" smtClean="0"/><a:t>5 </a:t></a:r><a:r><a:rPr kumimoji="1" lang="ja-JP" altLang="en-US" smtClean="0"/><a:t>レベル</a:t></a:r><a:endParaRPr kumimoji="1" lang="ja-JP" altLang="en-US"/></a:p></p:txBody></p:sp><p:sp><p:nvSpPr><p:cNvPr id="4" name="日付プレースホルダー 3"/><p:cNvSpPr><a:spLocks noGrp="1"/></p:cNvSpPr><p:nvPr><p:ph type="dt" sz="half" idx="10"/></p:nvPr></p:nvSpPr><p:spPr/><p:txBody><a:bodyPr/><a:lstStyle/><a:p><a:fld id="{03B58BAD-1D9B-44E7-915E-6E43CF49A7D0}" type="datetimeFigureOut"><a:rPr kumimoji="1" lang="ja-JP" altLang="en-US" smtClean="0"/><a:t>2012/4/11</a:t></a:fld><a:endParaRPr kumimoji="1" lang="ja-JP" altLang="en-US"/></a:p></p:txBody></p:sp><p:sp><p:nvSpPr><p:cNvPr id="5" name="フッター プレースホルダー 4"/><p:cNvSpPr><a:spLocks noGrp="1"/></p:cNvSpPr><p:nvPr><p:ph type="ftr" sz="quarter" idx="11"/></p:nvPr></p:nvSpPr><p:spPr/><p:txBody><a:bodyPr/><a:lstStyle/><a:p><a:endParaRPr kumimoji="1" lang="ja-JP" altLang="en-US"/></a:p></p:txBody></p:sp><p:sp><p:nvSpPr><p:cNvPr id="6" name="スライド番号プレースホルダー 5"/><p:cNvSpPr><a:spLocks noGrp="1"/></p:cNvSpPr><p:nvPr><p:ph type="sldNum" sz="quarter" idx="12"/></p:nvPr></p:nvSpPr><p:spPr/><p:txBody><a:bodyPr/><a:lstStyle/><a:p><a:fld id="{D46BA4D1-4D3C-4599-970C-9D06CC86929A}" type="slidenum"><a:rPr kumimoji="1" lang="ja-JP" altLang="en-US" smtClean="0"/><a:t>‹#›</a:t></a:fld><a:endParaRPr kumimoji="1" lang="ja-JP" altLang="en-US"/></a:p></p:txBody></p:sp></p:spTree><p:extLst><p:ext uri="{BB962C8B-B14F-4D97-AF65-F5344CB8AC3E}"><p14:creationId xmlns:p14="http://schemas.microsoft.com/office/powerpoint/2010/main" val="160665406"/></p:ext></p:extLst></p:cSld><p:clrMapOvr><a:masterClrMapping/></p:clrMapOvr></p:sldLayout>