<?xml version="1.0" encoding="UTF-8" standalone="yes"?>
<p:sldLayout xmlns:a="http://schemas.openxmlformats.org/drawingml/2006/main" xmlns:r="http://schemas.openxmlformats.org/officeDocument/2006/relationships" xmlns:p="http://schemas.openxmlformats.org/presentationml/2006/main" type="twoTxTwoObj" preserve="1"><p:cSld name="比較"><p:spTree><p:nvGrpSpPr><p:cNvPr id="1" name=""/><p:cNvGrpSpPr/><p:nvPr/></p:nvGrpSpPr><p:grpSpPr><a:xfrm><a:off x="0" y="0"/><a:ext cx="0" cy="0"/><a:chOff x="0" y="0"/><a:chExt cx="0" cy="0"/></a:xfrm></p:grpSpPr><p:sp><p:nvSpPr><p:cNvPr id="2" name="タイトル 1"/><p:cNvSpPr><a:spLocks noGrp="1"/></p:cNvSpPr><p:nvPr><p:ph type="title"/></p:nvPr></p:nvSpPr><p:spPr/><p:txBody><a:bodyPr/><a:lstStyle><a:lvl1pPr><a:defRPr/></a:lvl1pPr></a:lstStyle><a:p><a:r><a:rPr kumimoji="1" lang="ja-JP" altLang="en-US" smtClean="0"/><a:t>マスター タイトルの書式設定</a:t></a:r><a:endParaRPr kumimoji="1" lang="ja-JP" altLang="en-US"/></a:p></p:txBody></p:sp><p:sp><p:nvSpPr><p:cNvPr id="3" name="テキスト プレースホルダー 2"/><p:cNvSpPr><a:spLocks noGrp="1"/></p:cNvSpPr><p:nvPr><p:ph type="body" idx="1"/></p:nvPr></p:nvSpPr><p:spPr><a:xfrm><a:off x="457200" y="1535113"/><a:ext cx="4040188" cy="639762"/></a:xfrm></p:spPr><p:txBody><a:bodyPr anchor="b"/><a:lstStyle><a:lvl1pPr marL="0" indent="0"><a:buNone/><a:defRPr sz="2400" b="1"/></a:lvl1pPr><a:lvl2pPr marL="457200" indent="0"><a:buNone/><a:defRPr sz="2000" b="1"/></a:lvl2pPr><a:lvl3pPr marL="914400" indent="0"><a:buNone/><a:defRPr sz="1800" b="1"/></a:lvl3pPr><a:lvl4pPr marL="1371600" indent="0"><a:buNone/><a:defRPr sz="1600" b="1"/></a:lvl4pPr><a:lvl5pPr marL="1828800" indent="0"><a:buNone/><a:defRPr sz="1600" b="1"/></a:lvl5pPr><a:lvl6pPr marL="2286000" indent="0"><a:buNone/><a:defRPr sz="1600" b="1"/></a:lvl6pPr><a:lvl7pPr marL="2743200" indent="0"><a:buNone/><a:defRPr sz="1600" b="1"/></a:lvl7pPr><a:lvl8pPr marL="3200400" indent="0"><a:buNone/><a:defRPr sz="1600" b="1"/></a:lvl8pPr><a:lvl9pPr marL="3657600" indent="0"><a:buNone/><a:defRPr sz="1600" b="1"/></a:lvl9pPr></a:lstStyle><a:p><a:pPr lvl="0"/><a:r><a:rPr kumimoji="1" lang="ja-JP" altLang="en-US" smtClean="0"/><a:t>マスター テキストの書式設定</a:t></a:r></a:p></p:txBody></p:sp><p:sp><p:nvSpPr><p:cNvPr id="4" name="コンテンツ プレースホルダー 3"/><p:cNvSpPr><a:spLocks noGrp="1"/></p:cNvSpPr><p:nvPr><p:ph sz="half" idx="2"/></p:nvPr></p:nvSpPr><p:spPr><a:xfrm><a:off x="457200" y="2174875"/><a:ext cx="4040188" cy="3951288"/></a:xfrm></p:spPr><p:txBody><a:bodyPr/><a:lstStyle><a:lvl1pPr><a:defRPr sz="2400"/></a:lvl1pPr><a:lvl2pPr><a:defRPr sz="2000"/></a:lvl2pPr><a:lvl3pPr><a:defRPr sz="1800"/></a:lvl3pPr><a:lvl4pPr><a:defRPr sz="1600"/></a:lvl4pPr><a:lvl5pPr><a:defRPr sz="1600"/></a:lvl5pPr><a:lvl6pPr><a:defRPr sz="1600"/></a:lvl6pPr><a:lvl7pPr><a:defRPr sz="1600"/></a:lvl7pPr><a:lvl8pPr><a:defRPr sz="1600"/></a:lvl8pPr><a:lvl9pPr><a:defRPr sz="1600"/></a:lvl9pPr></a:lstStyle><a:p><a:pPr lvl="0"/><a:r><a:rPr kumimoji="1" lang="ja-JP" altLang="en-US" smtClean="0"/><a:t>マスター テキストの書式設定</a:t></a:r></a:p><a:p><a:pPr lvl="1"/><a:r><a:rPr kumimoji="1" lang="ja-JP" altLang="en-US" smtClean="0"/><a:t>第 </a:t></a:r><a:r><a:rPr kumimoji="1" lang="en-US" altLang="ja-JP" smtClean="0"/><a:t>2 </a:t></a:r><a:r><a:rPr kumimoji="1" lang="ja-JP" altLang="en-US" smtClean="0"/><a:t>レベル</a:t></a:r></a:p><a:p><a:pPr lvl="2"/><a:r><a:rPr kumimoji="1" lang="ja-JP" altLang="en-US" smtClean="0"/><a:t>第 </a:t></a:r><a:r><a:rPr kumimoji="1" lang="en-US" altLang="ja-JP" smtClean="0"/><a:t>3 </a:t></a:r><a:r><a:rPr kumimoji="1" lang="ja-JP" altLang="en-US" smtClean="0"/><a:t>レベル</a:t></a:r></a:p><a:p><a:pPr lvl="3"/><a:r><a:rPr kumimoji="1" lang="ja-JP" altLang="en-US" smtClean="0"/><a:t>第 </a:t></a:r><a:r><a:rPr kumimoji="1" lang="en-US" altLang="ja-JP" smtClean="0"/><a:t>4 </a:t></a:r><a:r><a:rPr kumimoji="1" lang="ja-JP" altLang="en-US" smtClean="0"/><a:t>レベル</a:t></a:r></a:p><a:p><a:pPr lvl="4"/><a:r><a:rPr kumimoji="1" lang="ja-JP" altLang="en-US" smtClean="0"/><a:t>第 </a:t></a:r><a:r><a:rPr kumimoji="1" lang="en-US" altLang="ja-JP" smtClean="0"/><a:t>5 </a:t></a:r><a:r><a:rPr kumimoji="1" lang="ja-JP" altLang="en-US" smtClean="0"/><a:t>レベル</a:t></a:r><a:endParaRPr kumimoji="1" lang="ja-JP" altLang="en-US"/></a:p></p:txBody></p:sp><p:sp><p:nvSpPr><p:cNvPr id="5" name="テキスト プレースホルダー 4"/><p:cNvSpPr><a:spLocks noGrp="1"/></p:cNvSpPr><p:nvPr><p:ph type="body" sz="quarter" idx="3"/></p:nvPr></p:nvSpPr><p:spPr><a:xfrm><a:off x="4645025" y="1535113"/><a:ext cx="4041775" cy="639762"/></a:xfrm></p:spPr><p:txBody><a:bodyPr anchor="b"/><a:lstStyle><a:lvl1pPr marL="0" indent="0"><a:buNone/><a:defRPr sz="2400" b="1"/></a:lvl1pPr><a:lvl2pPr marL="457200" indent="0"><a:buNone/><a:defRPr sz="2000" b="1"/></a:lvl2pPr><a:lvl3pPr marL="914400" indent="0"><a:buNone/><a:defRPr sz="1800" b="1"/></a:lvl3pPr><a:lvl4pPr marL="1371600" indent="0"><a:buNone/><a:defRPr sz="1600" b="1"/></a:lvl4pPr><a:lvl5pPr marL="1828800" indent="0"><a:buNone/><a:defRPr sz="1600" b="1"/></a:lvl5pPr><a:lvl6pPr marL="2286000" indent="0"><a:buNone/><a:defRPr sz="1600" b="1"/></a:lvl6pPr><a:lvl7pPr marL="2743200" indent="0"><a:buNone/><a:defRPr sz="1600" b="1"/></a:lvl7pPr><a:lvl8pPr marL="3200400" indent="0"><a:buNone/><a:defRPr sz="1600" b="1"/></a:lvl8pPr><a:lvl9pPr marL="3657600" indent="0"><a:buNone/><a:defRPr sz="1600" b="1"/></a:lvl9pPr></a:lstStyle><a:p><a:pPr lvl="0"/><a:r><a:rPr kumimoji="1" lang="ja-JP" altLang="en-US" smtClean="0"/><a:t>マスター テキストの書式設定</a:t></a:r></a:p></p:txBody></p:sp><p:sp><p:nvSpPr><p:cNvPr id="6" name="コンテンツ プレースホルダー 5"/><p:cNvSpPr><a:spLocks noGrp="1"/></p:cNvSpPr><p:nvPr><p:ph sz="quarter" idx="4"/></p:nvPr></p:nvSpPr><p:spPr><a:xfrm><a:off x="4645025" y="2174875"/><a:ext cx="4041775" cy="3951288"/></a:xfrm></p:spPr><p:txBody><a:bodyPr/><a:lstStyle><a:lvl1pPr><a:defRPr sz="2400"/></a:lvl1pPr><a:lvl2pPr><a:defRPr sz="2000"/></a:lvl2pPr><a:lvl3pPr><a:defRPr sz="1800"/></a:lvl3pPr><a:lvl4pPr><a:defRPr sz="1600"/></a:lvl4pPr><a:lvl5pPr><a:defRPr sz="1600"/></a:lvl5pPr><a:lvl6pPr><a:defRPr sz="1600"/></a:lvl6pPr><a:lvl7pPr><a:defRPr sz="1600"/></a:lvl7pPr><a:lvl8pPr><a:defRPr sz="1600"/></a:lvl8pPr><a:lvl9pPr><a:defRPr sz="1600"/></a:lvl9pPr></a:lstStyle><a:p><a:pPr lvl="0"/><a:r><a:rPr kumimoji="1" lang="ja-JP" altLang="en-US" smtClean="0"/><a:t>マスター テキストの書式設定</a:t></a:r></a:p><a:p><a:pPr lvl="1"/><a:r><a:rPr kumimoji="1" lang="ja-JP" altLang="en-US" smtClean="0"/><a:t>第 </a:t></a:r><a:r><a:rPr kumimoji="1" lang="en-US" altLang="ja-JP" smtClean="0"/><a:t>2 </a:t></a:r><a:r><a:rPr kumimoji="1" lang="ja-JP" altLang="en-US" smtClean="0"/><a:t>レベル</a:t></a:r></a:p><a:p><a:pPr lvl="2"/><a:r><a:rPr kumimoji="1" lang="ja-JP" altLang="en-US" smtClean="0"/><a:t>第 </a:t></a:r><a:r><a:rPr kumimoji="1" lang="en-US" altLang="ja-JP" smtClean="0"/><a:t>3 </a:t></a:r><a:r><a:rPr kumimoji="1" lang="ja-JP" altLang="en-US" smtClean="0"/><a:t>レベル</a:t></a:r></a:p><a:p><a:pPr lvl="3"/><a:r><a:rPr kumimoji="1" lang="ja-JP" altLang="en-US" smtClean="0"/><a:t>第 </a:t></a:r><a:r><a:rPr kumimoji="1" lang="en-US" altLang="ja-JP" smtClean="0"/><a:t>4 </a:t></a:r><a:r><a:rPr kumimoji="1" lang="ja-JP" altLang="en-US" smtClean="0"/><a:t>レベル</a:t></a:r></a:p><a:p><a:pPr lvl="4"/><a:r><a:rPr kumimoji="1" lang="ja-JP" altLang="en-US" smtClean="0"/><a:t>第 </a:t></a:r><a:r><a:rPr kumimoji="1" lang="en-US" altLang="ja-JP" smtClean="0"/><a:t>5 </a:t></a:r><a:r><a:rPr kumimoji="1" lang="ja-JP" altLang="en-US" smtClean="0"/><a:t>レベル</a:t></a:r><a:endParaRPr kumimoji="1" lang="ja-JP" altLang="en-US"/></a:p></p:txBody></p:sp><p:sp><p:nvSpPr><p:cNvPr id="7" name="日付プレースホルダー 6"/><p:cNvSpPr><a:spLocks noGrp="1"/></p:cNvSpPr><p:nvPr><p:ph type="dt" sz="half" idx="10"/></p:nvPr></p:nvSpPr><p:spPr/><p:txBody><a:bodyPr/><a:lstStyle/><a:p><a:fld id="{03B58BAD-1D9B-44E7-915E-6E43CF49A7D0}" type="datetimeFigureOut"><a:rPr kumimoji="1" lang="ja-JP" altLang="en-US" smtClean="0"/><a:t>2012/4/11</a:t></a:fld><a:endParaRPr kumimoji="1" lang="ja-JP" altLang="en-US"/></a:p></p:txBody></p:sp><p:sp><p:nvSpPr><p:cNvPr id="8" name="フッター プレースホルダー 7"/><p:cNvSpPr><a:spLocks noGrp="1"/></p:cNvSpPr><p:nvPr><p:ph type="ftr" sz="quarter" idx="11"/></p:nvPr></p:nvSpPr><p:spPr/><p:txBody><a:bodyPr/><a:lstStyle/><a:p><a:endParaRPr kumimoji="1" lang="ja-JP" altLang="en-US"/></a:p></p:txBody></p:sp><p:sp><p:nvSpPr><p:cNvPr id="9" name="スライド番号プレースホルダー 8"/><p:cNvSpPr><a:spLocks noGrp="1"/></p:cNvSpPr><p:nvPr><p:ph type="sldNum" sz="quarter" idx="12"/></p:nvPr></p:nvSpPr><p:spPr/><p:txBody><a:bodyPr/><a:lstStyle/><a:p><a:fld id="{D46BA4D1-4D3C-4599-970C-9D06CC86929A}" type="slidenum"><a:rPr kumimoji="1" lang="ja-JP" altLang="en-US" smtClean="0"/><a:t>‹#›</a:t></a:fld><a:endParaRPr kumimoji="1" lang="ja-JP" altLang="en-US"/></a:p></p:txBody></p:sp></p:spTree><p:extLst><p:ext uri="{BB962C8B-B14F-4D97-AF65-F5344CB8AC3E}"><p14:creationId xmlns:p14="http://schemas.microsoft.com/office/powerpoint/2010/main" val="971287258"/></p:ext></p:extLst></p:cSld><p:clrMapOvr><a:masterClrMapping/></p:clrMapOvr></p:sldLayout>