<?xml version="1.0" encoding="UTF-8" standalone="yes"?>
<p:notesMaster xmlns:a="http://schemas.openxmlformats.org/drawingml/2006/main" xmlns:r="http://schemas.openxmlformats.org/officeDocument/2006/relationships" xmlns:p="http://schemas.openxmlformats.org/presentationml/2006/main"><p:cSld><p:bg><p:bgRef idx="1001"><a:schemeClr val="bg1"/></p:bgRef></p:bg><p:spTree><p:nvGrpSpPr><p:cNvPr id="1" name=""/><p:cNvGrpSpPr/><p:nvPr/></p:nvGrpSpPr><p:grpSpPr><a:xfrm><a:off x="0" y="0"/><a:ext cx="0" cy="0"/><a:chOff x="0" y="0"/><a:chExt cx="0" cy="0"/></a:xfrm></p:grpSpPr><p:sp><p:nvSpPr><p:cNvPr id="2" name="מציין מיקום של כותרת עליונה 1"/><p:cNvSpPr><a:spLocks noGrp="1"/></p:cNvSpPr><p:nvPr><p:ph type="hdr" sz="quarter"/></p:nvPr></p:nvSpPr><p:spPr><a:xfrm><a:off x="3886200" y="0"/><a:ext cx="2971800" cy="457200"/></a:xfrm><a:prstGeom prst="rect"><a:avLst/></a:prstGeom></p:spPr><p:txBody><a:bodyPr vert="horz" lIns="91440" tIns="45720" rIns="91440" bIns="45720" rtlCol="1"/><a:lstStyle><a:lvl1pPr algn="r"><a:defRPr sz="1200"/></a:lvl1pPr></a:lstStyle><a:p><a:endParaRPr lang="he-IL"/></a:p></p:txBody></p:sp><p:sp><p:nvSpPr><p:cNvPr id="3" name="מציין מיקום של תאריך 2"/><p:cNvSpPr><a:spLocks noGrp="1"/></p:cNvSpPr><p:nvPr><p:ph type="dt" idx="1"/></p:nvPr></p:nvSpPr><p:spPr><a:xfrm><a:off x="1588" y="0"/><a:ext cx="2971800" cy="457200"/></a:xfrm><a:prstGeom prst="rect"><a:avLst/></a:prstGeom></p:spPr><p:txBody><a:bodyPr vert="horz" lIns="91440" tIns="45720" rIns="91440" bIns="45720" rtlCol="1"/><a:lstStyle><a:lvl1pPr algn="l"><a:defRPr sz="1200"/></a:lvl1pPr></a:lstStyle><a:p><a:fld id="{DA7B73E6-26B2-43CB-9F43-6B8DB8C20204}" type="datetimeFigureOut"><a:rPr lang="he-IL" smtClean="0"/><a:t>כ"ט/טבת/תשע"ג</a:t></a:fld><a:endParaRPr lang="he-IL"/></a:p></p:txBody></p:sp><p:sp><p:nvSpPr><p:cNvPr id="4" name="מציין מיקום של תמונת שקופית 3"/><p:cNvSpPr><a:spLocks noGrp="1" noRot="1" noChangeAspect="1"/></p:cNvSpPr><p:nvPr><p:ph type="sldImg" idx="2"/></p:nvPr></p:nvSpPr><p:spPr><a:xfrm><a:off x="1143000" y="685800"/><a:ext cx="4572000" cy="3429000"/></a:xfrm><a:prstGeom prst="rect"><a:avLst/></a:prstGeom><a:noFill/><a:ln w="12700"><a:solidFill><a:prstClr val="black"/></a:solidFill></a:ln></p:spPr><p:txBody><a:bodyPr vert="horz" lIns="91440" tIns="45720" rIns="91440" bIns="45720" rtlCol="1" anchor="ctr"/><a:lstStyle/><a:p><a:endParaRPr lang="he-IL"/></a:p></p:txBody></p:sp><p:sp><p:nvSpPr><p:cNvPr id="5" name="מציין מיקום של הערות 4"/><p:cNvSpPr><a:spLocks noGrp="1"/></p:cNvSpPr><p:nvPr><p:ph type="body" sz="quarter" idx="3"/></p:nvPr></p:nvSpPr><p:spPr><a:xfrm><a:off x="685800" y="4343400"/><a:ext cx="5486400" cy="4114800"/></a:xfrm><a:prstGeom prst="rect"><a:avLst/></a:prstGeom></p:spPr><p:txBody><a:bodyPr vert="horz" lIns="91440" tIns="45720" rIns="91440" bIns="45720" rtlCol="1"/><a:lstStyle/><a:p><a:pPr lvl="0"/><a:r><a:rPr lang="he-IL" smtClean="0"/><a:t>לחץ כדי לערוך סגנונות טקסט של תבנית בסיס</a:t></a:r></a:p><a:p><a:pPr lvl="1"/><a:r><a:rPr lang="he-IL" smtClean="0"/><a:t>רמה שנייה</a:t></a:r></a:p><a:p><a:pPr lvl="2"/><a:r><a:rPr lang="he-IL" smtClean="0"/><a:t>רמה שלישית</a:t></a:r></a:p><a:p><a:pPr lvl="3"/><a:r><a:rPr lang="he-IL" smtClean="0"/><a:t>רמה רביעית</a:t></a:r></a:p><a:p><a:pPr lvl="4"/><a:r><a:rPr lang="he-IL" smtClean="0"/><a:t>רמה חמישית</a:t></a:r><a:endParaRPr lang="he-IL"/></a:p></p:txBody></p:sp><p:sp><p:nvSpPr><p:cNvPr id="6" name="מציין מיקום של כותרת תחתונה 5"/><p:cNvSpPr><a:spLocks noGrp="1"/></p:cNvSpPr><p:nvPr><p:ph type="ftr" sz="quarter" idx="4"/></p:nvPr></p:nvSpPr><p:spPr><a:xfrm><a:off x="3886200" y="8685213"/><a:ext cx="2971800" cy="457200"/></a:xfrm><a:prstGeom prst="rect"><a:avLst/></a:prstGeom></p:spPr><p:txBody><a:bodyPr vert="horz" lIns="91440" tIns="45720" rIns="91440" bIns="45720" rtlCol="1" anchor="b"/><a:lstStyle><a:lvl1pPr algn="r"><a:defRPr sz="1200"/></a:lvl1pPr></a:lstStyle><a:p><a:endParaRPr lang="he-IL"/></a:p></p:txBody></p:sp><p:sp><p:nvSpPr><p:cNvPr id="7" name="מציין מיקום של מספר שקופית 6"/><p:cNvSpPr><a:spLocks noGrp="1"/></p:cNvSpPr><p:nvPr><p:ph type="sldNum" sz="quarter" idx="5"/></p:nvPr></p:nvSpPr><p:spPr><a:xfrm><a:off x="1588" y="8685213"/><a:ext cx="2971800" cy="457200"/></a:xfrm><a:prstGeom prst="rect"><a:avLst/></a:prstGeom></p:spPr><p:txBody><a:bodyPr vert="horz" lIns="91440" tIns="45720" rIns="91440" bIns="45720" rtlCol="1" anchor="b"/><a:lstStyle><a:lvl1pPr algn="l"><a:defRPr sz="1200"/></a:lvl1pPr></a:lstStyle><a:p><a:fld id="{3F8D5944-FB68-4A11-B3F9-11D6EA3C3D5D}" type="slidenum"><a:rPr lang="he-IL" smtClean="0"/><a:t>‹#›</a:t></a:fld><a:endParaRPr lang="he-IL"/></a:p></p:txBody></p:sp></p:spTree><p:extLst><p:ext uri="{BB962C8B-B14F-4D97-AF65-F5344CB8AC3E}"><p14:creationId xmlns:p14="http://schemas.microsoft.com/office/powerpoint/2010/main" val="720506402"/></p:ext></p:extLst></p:cSld><p:clrMap bg1="lt1" tx1="dk1" bg2="lt2" tx2="dk2" accent1="accent1" accent2="accent2" accent3="accent3" accent4="accent4" accent5="accent5" accent6="accent6" hlink="hlink" folHlink="folHlink"/><p:notesStyle><a:lvl1pPr marL="0" algn="r" defTabSz="914400" rtl="1" eaLnBrk="1" latinLnBrk="0" hangingPunct="1"><a:defRPr sz="1200" kern="1200"><a:solidFill><a:schemeClr val="tx1"/></a:solidFill><a:latin typeface="+mn-lt"/><a:ea typeface="+mn-ea"/><a:cs typeface="+mn-cs"/></a:defRPr></a:lvl1pPr><a:lvl2pPr marL="457200" algn="r" defTabSz="914400" rtl="1" eaLnBrk="1" latinLnBrk="0" hangingPunct="1"><a:defRPr sz="1200" kern="1200"><a:solidFill><a:schemeClr val="tx1"/></a:solidFill><a:latin typeface="+mn-lt"/><a:ea typeface="+mn-ea"/><a:cs typeface="+mn-cs"/></a:defRPr></a:lvl2pPr><a:lvl3pPr marL="914400" algn="r" defTabSz="914400" rtl="1" eaLnBrk="1" latinLnBrk="0" hangingPunct="1"><a:defRPr sz="1200" kern="1200"><a:solidFill><a:schemeClr val="tx1"/></a:solidFill><a:latin typeface="+mn-lt"/><a:ea typeface="+mn-ea"/><a:cs typeface="+mn-cs"/></a:defRPr></a:lvl3pPr><a:lvl4pPr marL="1371600" algn="r" defTabSz="914400" rtl="1" eaLnBrk="1" latinLnBrk="0" hangingPunct="1"><a:defRPr sz="1200" kern="1200"><a:solidFill><a:schemeClr val="tx1"/></a:solidFill><a:latin typeface="+mn-lt"/><a:ea typeface="+mn-ea"/><a:cs typeface="+mn-cs"/></a:defRPr></a:lvl4pPr><a:lvl5pPr marL="1828800" algn="r" defTabSz="914400" rtl="1" eaLnBrk="1" latinLnBrk="0" hangingPunct="1"><a:defRPr sz="1200" kern="1200"><a:solidFill><a:schemeClr val="tx1"/></a:solidFill><a:latin typeface="+mn-lt"/><a:ea typeface="+mn-ea"/><a:cs typeface="+mn-cs"/></a:defRPr></a:lvl5pPr><a:lvl6pPr marL="2286000" algn="r" defTabSz="914400" rtl="1" eaLnBrk="1" latinLnBrk="0" hangingPunct="1"><a:defRPr sz="1200" kern="1200"><a:solidFill><a:schemeClr val="tx1"/></a:solidFill><a:latin typeface="+mn-lt"/><a:ea typeface="+mn-ea"/><a:cs typeface="+mn-cs"/></a:defRPr></a:lvl6pPr><a:lvl7pPr marL="2743200" algn="r" defTabSz="914400" rtl="1" eaLnBrk="1" latinLnBrk="0" hangingPunct="1"><a:defRPr sz="1200" kern="1200"><a:solidFill><a:schemeClr val="tx1"/></a:solidFill><a:latin typeface="+mn-lt"/><a:ea typeface="+mn-ea"/><a:cs typeface="+mn-cs"/></a:defRPr></a:lvl7pPr><a:lvl8pPr marL="3200400" algn="r" defTabSz="914400" rtl="1" eaLnBrk="1" latinLnBrk="0" hangingPunct="1"><a:defRPr sz="1200" kern="1200"><a:solidFill><a:schemeClr val="tx1"/></a:solidFill><a:latin typeface="+mn-lt"/><a:ea typeface="+mn-ea"/><a:cs typeface="+mn-cs"/></a:defRPr></a:lvl8pPr><a:lvl9pPr marL="3657600" algn="r" defTabSz="914400" rtl="1" eaLnBrk="1" latinLnBrk="0" hangingPunct="1"><a:defRPr sz="1200" kern="1200"><a:solidFill><a:schemeClr val="tx1"/></a:solidFill><a:latin typeface="+mn-lt"/><a:ea typeface="+mn-ea"/><a:cs typeface="+mn-cs"/></a:defRPr></a:lvl9pPr></p:notesStyle></p:notesMaster>