<?xml version="1.0" encoding="UTF-8" standalone="yes"?>
<p:sldLayout xmlns:a="http://schemas.openxmlformats.org/drawingml/2006/main" xmlns:r="http://schemas.openxmlformats.org/officeDocument/2006/relationships" xmlns:p="http://schemas.openxmlformats.org/presentationml/2006/main" type="vertTitleAndTx" preserve="1"><p:cSld name="عنوان ونص عموديان"><p:spTree><p:nvGrpSpPr><p:cNvPr id="1" name=""/><p:cNvGrpSpPr/><p:nvPr/></p:nvGrpSpPr><p:grpSpPr><a:xfrm><a:off x="0" y="0"/><a:ext cx="0" cy="0"/><a:chOff x="0" y="0"/><a:chExt cx="0" cy="0"/></a:xfrm></p:grpSpPr><p:sp><p:nvSpPr><p:cNvPr id="2" name="عنوان عمودي 1"/><p:cNvSpPr><a:spLocks noGrp="1"/></p:cNvSpPr><p:nvPr><p:ph type="title" orient="vert"/></p:nvPr></p:nvSpPr><p:spPr><a:xfrm><a:off x="6629400" y="274638"/><a:ext cx="2057400" cy="5851525"/></a:xfrm></p:spPr><p:txBody><a:bodyPr vert="eaVert"/><a:lstStyle/><a:p><a:r><a:rPr lang="ar-SA" smtClean="0"/><a:t>انقر لتحرير نمط العنوان الرئيسي</a:t></a:r><a:endParaRPr lang="ar-SA"/></a:p></p:txBody></p:sp><p:sp><p:nvSpPr><p:cNvPr id="3" name="عنصر نائب للعنوان العمودي 2"/><p:cNvSpPr><a:spLocks noGrp="1"/></p:cNvSpPr><p:nvPr><p:ph type="body" orient="vert" idx="1"/></p:nvPr></p:nvSpPr><p:spPr><a:xfrm><a:off x="457200" y="274638"/><a:ext cx="6019800" cy="5851525"/></a:xfrm></p:spPr><p:txBody><a:bodyPr vert="eaVert"/><a:lstStyle/><a:p><a:pPr lvl="0"/><a:r><a:rPr lang="ar-SA" smtClean="0"/><a:t>انقر لتحرير أنماط النص الرئيسي</a:t></a:r></a:p><a:p><a:pPr lvl="1"/><a:r><a:rPr lang="ar-SA" smtClean="0"/><a:t>المستوى الثاني</a:t></a:r></a:p><a:p><a:pPr lvl="2"/><a:r><a:rPr lang="ar-SA" smtClean="0"/><a:t>المستوى الثالث</a:t></a:r></a:p><a:p><a:pPr lvl="3"/><a:r><a:rPr lang="ar-SA" smtClean="0"/><a:t>المستوى الرابع</a:t></a:r></a:p><a:p><a:pPr lvl="4"/><a:r><a:rPr lang="ar-SA" smtClean="0"/><a:t>المستوى الخامس</a:t></a:r><a:endParaRPr lang="ar-SA"/></a:p></p:txBody></p:sp><p:sp><p:nvSpPr><p:cNvPr id="4" name="عنصر نائب للتاريخ 3"/><p:cNvSpPr><a:spLocks noGrp="1"/></p:cNvSpPr><p:nvPr><p:ph type="dt" sz="half" idx="10"/></p:nvPr></p:nvSpPr><p:spPr/><p:txBody><a:bodyPr/><a:lstStyle/><a:p><a:fld id="{F0C30789-F72E-45DA-B8A0-4C157FB3B374}" type="datetimeFigureOut"><a:rPr lang="ar-SA" smtClean="0"/><a:pPr/><a:t>08/01/1430</a:t></a:fld><a:endParaRPr lang="ar-SA"/></a:p></p:txBody></p:sp><p:sp><p:nvSpPr><p:cNvPr id="5" name="عنصر نائب للتذييل 4"/><p:cNvSpPr><a:spLocks noGrp="1"/></p:cNvSpPr><p:nvPr><p:ph type="ftr" sz="quarter" idx="11"/></p:nvPr></p:nvSpPr><p:spPr/><p:txBody><a:bodyPr/><a:lstStyle/><a:p><a:endParaRPr lang="ar-SA"/></a:p></p:txBody></p:sp><p:sp><p:nvSpPr><p:cNvPr id="6" name="عنصر نائب لرقم الشريحة 5"/><p:cNvSpPr><a:spLocks noGrp="1"/></p:cNvSpPr><p:nvPr><p:ph type="sldNum" sz="quarter" idx="12"/></p:nvPr></p:nvSpPr><p:spPr/><p:txBody><a:bodyPr/><a:lstStyle/><a:p><a:fld id="{C65C48AB-C01B-4DE5-B4A6-4710F9C8C0F2}" type="slidenum"><a:rPr lang="ar-SA" smtClean="0"/><a:pPr/><a:t>‹#›</a:t></a:fld><a:endParaRPr lang="ar-SA"/></a:p></p:txBody></p:sp></p:spTree></p:cSld><p:clrMapOvr><a:masterClrMapping/></p:clrMapOvr><p:transition spd="slow"><p:fade thruBlk="1"/></p:transition></p:sldLayout>