<?xml version="1.0" encoding="UTF-8" standalone="yes"?>
<p:sldLayout xmlns:a="http://schemas.openxmlformats.org/drawingml/2006/main" xmlns:r="http://schemas.openxmlformats.org/officeDocument/2006/relationships" xmlns:p="http://schemas.openxmlformats.org/presentationml/2006/main" type="secHead" preserve="1"><p:cSld name="عنوان المقطع"><p:spTree><p:nvGrpSpPr><p:cNvPr id="1" name=""/><p:cNvGrpSpPr/><p:nvPr/></p:nvGrpSpPr><p:grpSpPr><a:xfrm><a:off x="0" y="0"/><a:ext cx="0" cy="0"/><a:chOff x="0" y="0"/><a:chExt cx="0" cy="0"/></a:xfrm></p:grpSpPr><p:sp><p:nvSpPr><p:cNvPr id="2" name="عنوان 1"/><p:cNvSpPr><a:spLocks noGrp="1"/></p:cNvSpPr><p:nvPr><p:ph type="title"/></p:nvPr></p:nvSpPr><p:spPr><a:xfrm><a:off x="722313" y="4406900"/><a:ext cx="7772400" cy="1362075"/></a:xfrm></p:spPr><p:txBody><a:bodyPr anchor="t"/><a:lstStyle><a:lvl1pPr algn="r"><a:defRPr sz="4000" b="1" cap="all"/></a:lvl1pPr></a:lstStyle><a:p><a:r><a:rPr lang="ar-SA" smtClean="0"/><a:t>انقر لتحرير نمط العنوان الرئيسي</a:t></a:r><a:endParaRPr lang="ar-SA"/></a:p></p:txBody></p:sp><p:sp><p:nvSpPr><p:cNvPr id="3" name="عنصر نائب للنص 2"/><p:cNvSpPr><a:spLocks noGrp="1"/></p:cNvSpPr><p:nvPr><p:ph type="body" idx="1"/></p:nvPr></p:nvSpPr><p:spPr><a:xfrm><a:off x="722313" y="2906713"/><a:ext cx="7772400" cy="1500187"/></a:xfrm></p:spPr><p:txBody><a:bodyPr anchor="b"/><a:lstStyle><a:lvl1pPr marL="0" indent="0"><a:buNone/><a:defRPr sz="2000"><a:solidFill><a:schemeClr val="tx1"><a:tint val="75000"/></a:schemeClr></a:solidFill></a:defRPr></a:lvl1pPr><a:lvl2pPr marL="457200" indent="0"><a:buNone/><a:defRPr sz="1800"><a:solidFill><a:schemeClr val="tx1"><a:tint val="75000"/></a:schemeClr></a:solidFill></a:defRPr></a:lvl2pPr><a:lvl3pPr marL="914400" indent="0"><a:buNone/><a:defRPr sz="1600"><a:solidFill><a:schemeClr val="tx1"><a:tint val="75000"/></a:schemeClr></a:solidFill></a:defRPr></a:lvl3pPr><a:lvl4pPr marL="1371600" indent="0"><a:buNone/><a:defRPr sz="1400"><a:solidFill><a:schemeClr val="tx1"><a:tint val="75000"/></a:schemeClr></a:solidFill></a:defRPr></a:lvl4pPr><a:lvl5pPr marL="1828800" indent="0"><a:buNone/><a:defRPr sz="1400"><a:solidFill><a:schemeClr val="tx1"><a:tint val="75000"/></a:schemeClr></a:solidFill></a:defRPr></a:lvl5pPr><a:lvl6pPr marL="2286000" indent="0"><a:buNone/><a:defRPr sz="1400"><a:solidFill><a:schemeClr val="tx1"><a:tint val="75000"/></a:schemeClr></a:solidFill></a:defRPr></a:lvl6pPr><a:lvl7pPr marL="2743200" indent="0"><a:buNone/><a:defRPr sz="1400"><a:solidFill><a:schemeClr val="tx1"><a:tint val="75000"/></a:schemeClr></a:solidFill></a:defRPr></a:lvl7pPr><a:lvl8pPr marL="3200400" indent="0"><a:buNone/><a:defRPr sz="1400"><a:solidFill><a:schemeClr val="tx1"><a:tint val="75000"/></a:schemeClr></a:solidFill></a:defRPr></a:lvl8pPr><a:lvl9pPr marL="3657600" indent="0"><a:buNone/><a:defRPr sz="1400"><a:solidFill><a:schemeClr val="tx1"><a:tint val="75000"/></a:schemeClr></a:solidFill></a:defRPr></a:lvl9pPr></a:lstStyle><a:p><a:pPr lvl="0"/><a:r><a:rPr lang="ar-SA" smtClean="0"/><a:t>انقر لتحرير أنماط النص الرئيسي</a:t></a:r></a:p></p:txBody></p:sp><p:sp><p:nvSpPr><p:cNvPr id="4" name="عنصر نائب للتاريخ 3"/><p:cNvSpPr><a:spLocks noGrp="1"/></p:cNvSpPr><p:nvPr><p:ph type="dt" sz="half" idx="10"/></p:nvPr></p:nvSpPr><p:spPr/><p:txBody><a:bodyPr/><a:lstStyle/><a:p><a:fld id="{F0C30789-F72E-45DA-B8A0-4C157FB3B374}" type="datetimeFigureOut"><a:rPr lang="ar-SA" smtClean="0"/><a:pPr/><a:t>08/01/1430</a:t></a:fld><a:endParaRPr lang="ar-SA"/></a:p></p:txBody></p:sp><p:sp><p:nvSpPr><p:cNvPr id="5" name="عنصر نائب للتذييل 4"/><p:cNvSpPr><a:spLocks noGrp="1"/></p:cNvSpPr><p:nvPr><p:ph type="ftr" sz="quarter" idx="11"/></p:nvPr></p:nvSpPr><p:spPr/><p:txBody><a:bodyPr/><a:lstStyle/><a:p><a:endParaRPr lang="ar-SA"/></a:p></p:txBody></p:sp><p:sp><p:nvSpPr><p:cNvPr id="6" name="عنصر نائب لرقم الشريحة 5"/><p:cNvSpPr><a:spLocks noGrp="1"/></p:cNvSpPr><p:nvPr><p:ph type="sldNum" sz="quarter" idx="12"/></p:nvPr></p:nvSpPr><p:spPr/><p:txBody><a:bodyPr/><a:lstStyle/><a:p><a:fld id="{C65C48AB-C01B-4DE5-B4A6-4710F9C8C0F2}" type="slidenum"><a:rPr lang="ar-SA" smtClean="0"/><a:pPr/><a:t>‹#›</a:t></a:fld><a:endParaRPr lang="ar-SA"/></a:p></p:txBody></p:sp></p:spTree></p:cSld><p:clrMapOvr><a:masterClrMapping/></p:clrMapOvr><p:transition spd="slow"><p:fade thruBlk="1"/></p:transition></p:sldLayout>