<?xml version="1.0" encoding="UTF-8" standalone="yes"?>
<p:sldLayout xmlns:a="http://schemas.openxmlformats.org/drawingml/2006/main" xmlns:r="http://schemas.openxmlformats.org/officeDocument/2006/relationships" xmlns:p="http://schemas.openxmlformats.org/presentationml/2006/main" type="vertTx" preserve="1"><p:cSld name="כותרת וטקסט אנכי"><p:spTree><p:nvGrpSpPr><p:cNvPr id="1" name=""/><p:cNvGrpSpPr/><p:nvPr/></p:nvGrpSpPr><p:grpSpPr><a:xfrm><a:off x="0" y="0"/><a:ext cx="0" cy="0"/><a:chOff x="0" y="0"/><a:chExt cx="0" cy="0"/></a:xfrm></p:grpSpPr><p:sp><p:nvSpPr><p:cNvPr id="2" name="כותרת 1"/><p:cNvSpPr><a:spLocks noGrp="1"/></p:cNvSpPr><p:nvPr><p:ph type="title"/></p:nvPr></p:nvSpPr><p:spPr/><p:txBody><a:bodyPr/><a:lstStyle/><a:p><a:r><a:rPr lang="he-IL" smtClean="0"/><a:t>לחץ כדי לערוך סגנון כותרת של תבנית בסיס</a:t></a:r><a:endParaRPr lang="he-IL"/></a:p></p:txBody></p:sp><p:sp><p:nvSpPr><p:cNvPr id="3" name="מציין מיקום של טקסט אנכי 2"/><p:cNvSpPr><a:spLocks noGrp="1"/></p:cNvSpPr><p:nvPr><p:ph type="body" orient="vert" idx="1"/></p:nvPr></p:nvSpPr><p:spPr/><p:txBody><a:bodyPr vert="eaVert"/><a:lstStyle/><a:p><a:pPr lvl="0"/><a:r><a:rPr lang="he-IL" smtClean="0"/><a:t>לחץ כדי לערוך סגנונות טקסט של תבנית בסיס</a:t></a:r></a:p><a:p><a:pPr lvl="1"/><a:r><a:rPr lang="he-IL" smtClean="0"/><a:t>רמה שנייה</a:t></a:r></a:p><a:p><a:pPr lvl="2"/><a:r><a:rPr lang="he-IL" smtClean="0"/><a:t>רמה שלישית</a:t></a:r></a:p><a:p><a:pPr lvl="3"/><a:r><a:rPr lang="he-IL" smtClean="0"/><a:t>רמה רביעית</a:t></a:r></a:p><a:p><a:pPr lvl="4"/><a:r><a:rPr lang="he-IL" smtClean="0"/><a:t>רמה חמישית</a:t></a:r><a:endParaRPr lang="he-IL"/></a:p></p:txBody></p:sp><p:sp><p:nvSpPr><p:cNvPr id="4" name="מציין מיקום של תאריך 3"/><p:cNvSpPr><a:spLocks noGrp="1"/></p:cNvSpPr><p:nvPr><p:ph type="dt" sz="half" idx="10"/></p:nvPr></p:nvSpPr><p:spPr/><p:txBody><a:bodyPr/><a:lstStyle/><a:p><a:fld id="{8E4C101B-5648-4CF4-8C42-A020C0F31A6D}" type="datetimeFigureOut"><a:rPr lang="he-IL" smtClean="0"/><a:t>כ"ט/טבת/תשע"ג</a:t></a:fld><a:endParaRPr lang="he-IL"/></a:p></p:txBody></p:sp><p:sp><p:nvSpPr><p:cNvPr id="5" name="מציין מיקום של כותרת תחתונה 4"/><p:cNvSpPr><a:spLocks noGrp="1"/></p:cNvSpPr><p:nvPr><p:ph type="ftr" sz="quarter" idx="11"/></p:nvPr></p:nvSpPr><p:spPr/><p:txBody><a:bodyPr/><a:lstStyle/><a:p><a:endParaRPr lang="he-IL"/></a:p></p:txBody></p:sp><p:sp><p:nvSpPr><p:cNvPr id="6" name="מציין מיקום של מספר שקופית 5"/><p:cNvSpPr><a:spLocks noGrp="1"/></p:cNvSpPr><p:nvPr><p:ph type="sldNum" sz="quarter" idx="12"/></p:nvPr></p:nvSpPr><p:spPr/><p:txBody><a:bodyPr/><a:lstStyle/><a:p><a:fld id="{4FEA4035-9A83-4667-8DAD-9334FFF3DF8D}" type="slidenum"><a:rPr lang="he-IL" smtClean="0"/><a:t>‹#›</a:t></a:fld><a:endParaRPr lang="he-IL"/></a:p></p:txBody></p:sp></p:spTree><p:extLst><p:ext uri="{BB962C8B-B14F-4D97-AF65-F5344CB8AC3E}"><p14:creationId xmlns:p14="http://schemas.microsoft.com/office/powerpoint/2010/main" val="505959649"/></p:ext></p:extLst></p:cSld><p:clrMapOvr><a:masterClrMapping/></p:clrMapOvr></p:sldLayout>