<?xml version="1.0" encoding="UTF-8" standalone="yes"?>
<p:sldLayout xmlns:a="http://schemas.openxmlformats.org/drawingml/2006/main" xmlns:r="http://schemas.openxmlformats.org/officeDocument/2006/relationships" xmlns:p="http://schemas.openxmlformats.org/presentationml/2006/main" type="secHead" preserve="1"><p:cSld name="节标题"><p:spTree><p:nvGrpSpPr><p:cNvPr id="1" name=""/><p:cNvGrpSpPr/><p:nvPr/></p:nvGrpSpPr><p:grpSpPr><a:xfrm><a:off x="0" y="0"/><a:ext cx="0" cy="0"/><a:chOff x="0" y="0"/><a:chExt cx="0" cy="0"/></a:xfrm></p:grpSpPr><p:sp><p:nvSpPr><p:cNvPr id="2" name="标题 1"/><p:cNvSpPr><a:spLocks noGrp="1"/></p:cNvSpPr><p:nvPr><p:ph type="title"/></p:nvPr></p:nvSpPr><p:spPr><a:xfrm><a:off x="722313" y="4406900"/><a:ext cx="7772400" cy="1362075"/></a:xfrm></p:spPr><p:txBody><a:bodyPr anchor="t"/><a:lstStyle><a:lvl1pPr algn="l"><a:defRPr sz="4000" b="1" cap="all"/></a:lvl1pPr></a:lstStyle><a:p><a:r><a:rPr lang="zh-CN" altLang="en-US" smtClean="0"/><a:t>单击此处编辑母版标题样式</a:t></a:r><a:endParaRPr lang="zh-CN" altLang="en-US"/></a:p></p:txBody></p:sp><p:sp><p:nvSpPr><p:cNvPr id="3" name="文本占位符 2"/><p:cNvSpPr><a:spLocks noGrp="1"/></p:cNvSpPr><p:nvPr><p:ph type="body" idx="1"/></p:nvPr></p:nvSpPr><p:spPr><a:xfrm><a:off x="722313" y="2906713"/><a:ext cx="7772400" cy="1500187"/></a:xfrm></p:spPr><p:txBody><a:bodyPr anchor="b"/><a:lstStyle><a:lvl1pPr marL="0" indent="0"><a:buNone/><a:defRPr sz="2000"><a:solidFill><a:schemeClr val="tx1"><a:tint val="75000"/></a:schemeClr></a:solidFill></a:defRPr></a:lvl1pPr><a:lvl2pPr marL="457200" indent="0"><a:buNone/><a:defRPr sz="1800"><a:solidFill><a:schemeClr val="tx1"><a:tint val="75000"/></a:schemeClr></a:solidFill></a:defRPr></a:lvl2pPr><a:lvl3pPr marL="914400" indent="0"><a:buNone/><a:defRPr sz="1600"><a:solidFill><a:schemeClr val="tx1"><a:tint val="75000"/></a:schemeClr></a:solidFill></a:defRPr></a:lvl3pPr><a:lvl4pPr marL="1371600" indent="0"><a:buNone/><a:defRPr sz="1400"><a:solidFill><a:schemeClr val="tx1"><a:tint val="75000"/></a:schemeClr></a:solidFill></a:defRPr></a:lvl4pPr><a:lvl5pPr marL="1828800" indent="0"><a:buNone/><a:defRPr sz="1400"><a:solidFill><a:schemeClr val="tx1"><a:tint val="75000"/></a:schemeClr></a:solidFill></a:defRPr></a:lvl5pPr><a:lvl6pPr marL="2286000" indent="0"><a:buNone/><a:defRPr sz="1400"><a:solidFill><a:schemeClr val="tx1"><a:tint val="75000"/></a:schemeClr></a:solidFill></a:defRPr></a:lvl6pPr><a:lvl7pPr marL="2743200" indent="0"><a:buNone/><a:defRPr sz="1400"><a:solidFill><a:schemeClr val="tx1"><a:tint val="75000"/></a:schemeClr></a:solidFill></a:defRPr></a:lvl7pPr><a:lvl8pPr marL="3200400" indent="0"><a:buNone/><a:defRPr sz="1400"><a:solidFill><a:schemeClr val="tx1"><a:tint val="75000"/></a:schemeClr></a:solidFill></a:defRPr></a:lvl8pPr><a:lvl9pPr marL="3657600" indent="0"><a:buNone/><a:defRPr sz="1400"><a:solidFill><a:schemeClr val="tx1"><a:tint val="75000"/></a:schemeClr></a:solidFill></a:defRPr></a:lvl9pPr></a:lstStyle><a:p><a:pPr lvl="0"/><a:r><a:rPr lang="zh-CN" altLang="en-US" smtClean="0"/><a:t>单击此处编辑母版文本样式</a:t></a:r></a:p></p:txBody></p:sp><p:sp><p:nvSpPr><p:cNvPr id="4" name="日期占位符 3"/><p:cNvSpPr><a:spLocks noGrp="1"/></p:cNvSpPr><p:nvPr><p:ph type="dt" sz="half" idx="10"/></p:nvPr></p:nvSpPr><p:spPr/><p:txBody><a:bodyPr/><a:lstStyle/><a:p><a:fld id="{B1035394-B63C-45E7-82E2-45D20898369B}" type="datetimeFigureOut"><a:rPr lang="zh-CN" altLang="en-US" smtClean="0"/><a:t>2012/2/13</a:t></a:fld><a:endParaRPr lang="zh-CN" altLang="en-US"/></a:p></p:txBody></p:sp><p:sp><p:nvSpPr><p:cNvPr id="5" name="页脚占位符 4"/><p:cNvSpPr><a:spLocks noGrp="1"/></p:cNvSpPr><p:nvPr><p:ph type="ftr" sz="quarter" idx="11"/></p:nvPr></p:nvSpPr><p:spPr/><p:txBody><a:bodyPr/><a:lstStyle/><a:p><a:endParaRPr lang="zh-CN" altLang="en-US"/></a:p></p:txBody></p:sp><p:sp><p:nvSpPr><p:cNvPr id="6" name="灯片编号占位符 5"/><p:cNvSpPr><a:spLocks noGrp="1"/></p:cNvSpPr><p:nvPr><p:ph type="sldNum" sz="quarter" idx="12"/></p:nvPr></p:nvSpPr><p:spPr/><p:txBody><a:bodyPr/><a:lstStyle/><a:p><a:fld id="{F33755C5-EE64-46D6-A41D-B9BDC4AFF2D5}" type="slidenum"><a:rPr lang="zh-CN" altLang="en-US" smtClean="0"/><a:t>‹#›</a:t></a:fld><a:endParaRPr lang="zh-CN" altLang="en-US"/></a:p></p:txBody></p:sp></p:spTree></p:cSld><p:clrMapOvr><a:masterClrMapping/></p:clrMapOvr></p:sldLayout>